{
    "model_configuration": {
        "best_parameters": {
            "C": 10,
            "gamma": 0.001,
            "kernel": "rbf"
        },
        "best_estimator": {
            "C": 10,
            "break_ties": false,
            "cache_size": 200,
            "class_weight": null,
            "coef0": 0.0,
            "decision_function_shape": "ovr",
            "degree": 3,
            "gamma": 0.001,
            "kernel": "rbf",
            "max_iter": -1,
            "probability": false,
            "random_state": null,
            "shrinking": true,
            "tol": 0.001,
            "verbose": false
        },
        "cross_val_accuracy": 0.48899515509972946
    },
    "classification_report": {
        "metrics": {
            "daisy": {
                "precision": 0.631578947368421,
                "recall": 0.39215686274509803,
                "f1-score": 0.4838709677419355,
                "support": 153.0
            },
            "dandelion": {
                "precision": 0.5189393939393939,
                "recall": 0.6523809523809524,
                "f1-score": 0.5780590717299579,
                "support": 210.0
            },
            "rose": {
                "precision": 0.4230769230769231,
                "recall": 0.42038216560509556,
                "f1-score": 0.4217252396166134,
                "support": 157.0
            },
            "sunflower": {
                "precision": 0.648,
                "recall": 0.5510204081632653,
                "f1-score": 0.5955882352941176,
                "support": 147.0
            },
            "tulip": {
                "precision": 0.46875,
                "recall": 0.5329949238578681,
                "f1-score": 0.498812351543943,
                "support": 197.0
            },
            "accuracy": 0.5196759259259259,
            "macro avg": {
                "precision": 0.5380690528769476,
                "recall": 0.5097870625504559,
                "f1-score": 0.5156111731853135,
                "support": 864.0
            },
            "weighted avg": {
                "precision": 0.5319811094880996,
                "recall": 0.5196759259259259,
                "f1-score": 0.5178854509143607,
                "support": 864.0
            }
        }
    }
}