{
    "model_configuration": {
        "best_parameters": {
            "C": 10,
            "coef0": 1.0,
            "degree": 3,
            "gamma": "auto"
        },
        "best_estimator": {
            "C": 10,
            "break_ties": false,
            "cache_size": 200,
            "class_weight": null,
            "coef0": 1.0,
            "decision_function_shape": "ovr",
            "degree": 3,
            "gamma": "auto",
            "kernel": "poly",
            "max_iter": -1,
            "probability": false,
            "random_state": null,
            "shrinking": true,
            "tol": 0.001,
            "verbose": false
        },
        "cross_val_accuracy": 0.46726399463075985
    },
    "classification_report": {
        "metrics": {
            "daisy": {
                "precision": 0.6237623762376238,
                "recall": 0.4117647058823529,
                "f1-score": 0.49606299212598426,
                "support": 153.0
            },
            "dandelion": {
                "precision": 0.5957446808510638,
                "recall": 0.5333333333333333,
                "f1-score": 0.5628140703517588,
                "support": 210.0
            },
            "rose": {
                "precision": 0.4068965517241379,
                "recall": 0.37579617834394907,
                "f1-score": 0.39072847682119205,
                "support": 157.0
            },
            "sunflower": {
                "precision": 0.5602836879432624,
                "recall": 0.5374149659863946,
                "f1-score": 0.5486111111111112,
                "support": 147.0
            },
            "tulip": {
                "precision": 0.40484429065743943,
                "recall": 0.5939086294416244,
                "f1-score": 0.48148148148148145,
                "support": 197.0
            },
            "accuracy": 0.4976851851851852,
            "macro avg": {
                "precision": 0.5183063174827055,
                "recall": 0.49044356259753086,
                "f1-score": 0.4959396263783056,
                "support": 864.0
            },
            "weighted avg": {
                "precision": 0.5168296441561858,
                "recall": 0.4976851851851852,
                "f1-score": 0.4987623247861774,
                "support": 864.0
            }
        }
    }
}