{
    "model_configuration": {
        "best_parameters": {
            "C": 10,
            "coef0": 1.0,
            "degree": 2,
            "gamma": "scale"
        },
        "best_estimator": {
            "C": 10,
            "break_ties": false,
            "cache_size": 200,
            "class_weight": null,
            "coef0": 1.0,
            "decision_function_shape": "ovr",
            "degree": 2,
            "gamma": "scale",
            "kernel": "poly",
            "max_iter": -1,
            "probability": false,
            "random_state": null,
            "shrinking": true,
            "tol": 0.001,
            "verbose": false
        },
        "cross_val_accuracy": 0.4588691037983179
    },
    "classification_report": {
        "metrics": {
            "daisy": {
                "precision": 0.5740740740740741,
                "recall": 0.40522875816993464,
                "f1-score": 0.47509578544061304,
                "support": 153.0
            },
            "dandelion": {
                "precision": 0.5483870967741935,
                "recall": 0.4857142857142857,
                "f1-score": 0.5151515151515151,
                "support": 210.0
            },
            "rose": {
                "precision": 0.3776223776223776,
                "recall": 0.34394904458598724,
                "f1-score": 0.36,
                "support": 157.0
            },
            "sunflower": {
                "precision": 0.5379310344827586,
                "recall": 0.5306122448979592,
                "f1-score": 0.5342465753424658,
                "support": 147.0
            },
            "tulip": {
                "precision": 0.3971631205673759,
                "recall": 0.5685279187817259,
                "f1-score": 0.46764091858037576,
                "support": 197.0
            },
            "accuracy": 0.4722222222222222,
            "macro avg": {
                "precision": 0.4870355407041559,
                "recall": 0.46680645042997854,
                "f1-score": 0.47042695890299385,
                "support": 864.0
            },
            "weighted avg": {
                "precision": 0.48564621963352533,
                "recall": 0.4722222222222222,
                "f1-score": 0.4722812278818385,
                "support": 864.0
            }
        }
    }
}