{
    "model_configuration": {
        "best_parameters": {
            "C": 10,
            "gamma": 0.0001,
            "kernel": "rbf"
        },
        "best_estimator": {
            "C": 10,
            "break_ties": false,
            "cache_size": 200,
            "class_weight": null,
            "coef0": 0.0,
            "decision_function_shape": "ovr",
            "degree": 3,
            "gamma": 0.0001,
            "kernel": "rbf",
            "max_iter": -1,
            "probability": false,
            "random_state": null,
            "shrinking": true,
            "tol": 0.001,
            "verbose": false
        },
        "cross_val_accuracy": 0.46321273516642547
    },
    "classification_report": {
        "metrics": {
            "daisy": {
                "precision": 0.6153846153846154,
                "recall": 0.3660130718954248,
                "f1-score": 0.45901639344262296,
                "support": 153.0
            },
            "dandelion": {
                "precision": 0.5355648535564853,
                "recall": 0.6095238095238096,
                "f1-score": 0.5701559020044543,
                "support": 210.0
            },
            "rose": {
                "precision": 0.3951612903225806,
                "recall": 0.31210191082802546,
                "f1-score": 0.3487544483985765,
                "support": 157.0
            },
            "sunflower": {
                "precision": 0.6610169491525424,
                "recall": 0.5306122448979592,
                "f1-score": 0.5886792452830188,
                "support": 147.0
            },
            "tulip": {
                "precision": 0.3938356164383562,
                "recall": 0.583756345177665,
                "f1-score": 0.4703476482617587,
                "support": 197.0
            },
            "accuracy": 0.4930555555555556,
            "macro avg": {
                "precision": 0.520192664970916,
                "recall": 0.48040147646457676,
                "f1-score": 0.4873907274780863,
                "support": 864.0
            },
            "weighted avg": {
                "precision": 0.5132151573439041,
                "recall": 0.4930555555555556,
                "f1-score": 0.49063776826435584,
                "support": 864.0
            }
        }
    }
}